{
    "total_runtime": 1125.5601975917816,
    "num_documents": 1,
    "input_load_time": 0,
    "workflows": {
        "create_base_text_units": {
            "overall": 0.550856351852417,
            "0_orderby": 0.002368450164794922,
            "1_zip": 0.0022125244140625,
            "2_aggregate_override": 0.003467559814453125,
            "3_chunk": 0.4676492214202881,
            "4_select": 0.002869844436645508,
            "5_unroll": 0.0042650699615478516,
            "6_rename": 0.003683328628540039,
            "7_genid": 0.025710105895996094,
            "8_unzip": 0.004739999771118164,
            "9_copy": 0.0035562515258789062,
            "10_filter": 0.028338193893432617
        },
        "create_base_extracted_entities": {
            "overall": 11.555301189422607,
            "0_entity_extract": 11.084296464920044,
            "1_merge_graphs": 0.4674806594848633
        },
        "create_summarized_entities": {
            "overall": 4.566217660903931,
            "0_summarize_descriptions": 4.5625269412994385
        },
        "create_base_entity_graph": {
            "overall": 2.6482739448547363,
            "0_cluster_graph": 2.639453172683716,
            "1_select": 0.004648447036743164
        },
        "create_final_entities": {
            "overall": 14.193360328674316,
            "0_unpack_graph": 1.1922423839569092,
            "1_rename": 0.005828857421875,
            "2_select": 0.0066127777099609375,
            "3_dedupe": 0.007142066955566406,
            "4_rename": 0.0058324337005615234,
            "5_filter": 0.04371023178100586,
            "6_text_split": 0.03689122200012207,
            "7_drop": 0.007040262222290039,
            "8_merge": 0.43506550788879395,
            "9_text_embed": 12.385342359542847,
            "10_drop": 0.008271932601928711,
            "11_filter": 0.0543515682220459
        },
        "create_final_nodes": {
            "overall": 12.32714056968689,
            "0_layout_graph": 6.5588438510894775,
            "1_unpack_graph": 2.659665822982788,
            "2_unpack_graph": 2.4581310749053955,
            "3_filter": 0.34450554847717285,
            "4_drop": 0.0215456485748291,
            "5_select": 0.021824121475219727,
            "6_rename": 0.019535541534423828,
            "7_convert": 0.12724876403808594,
            "8_join": 0.07835125923156738,
            "9_rename": 0.026275157928466797
        },
        "create_final_communities": {
            "overall": 11.051700115203857,
            "0_unpack_graph": 2.4372031688690186,
            "1_unpack_graph": 2.1620707511901855,
            "2_aggregate_override": 0.0395503044128418,
            "3_join": 0.21170496940612793,
            "4_join": 0.19239234924316406,
            "5_concat": 0.03980588912963867,
            "6_filter": 5.257530689239502,
            "7_aggregate_override": 0.19525408744812012,
            "8_join": 0.035605430603027344,
            "9_filter": 0.13650274276733398,
            "10_fill": 0.03141951560974121,
            "11_merge": 0.23256874084472656,
            "12_copy": 0.02667403221130371,
            "13_select": 0.0291900634765625
        },
        "join_text_units_to_entity_ids": {
            "overall": 0.1542210578918457,
            "0_select": 0.028183460235595703,
            "1_unroll": 0.038739919662475586,
            "2_aggregate_override": 0.06262445449829102
        },
        "create_final_relationships": {
            "overall": 3.648650884628296,
            "0_unpack_graph": 2.3756182193756104,
            "1_filter": 0.512521505355835,
            "2_rename": 0.030432701110839844,
            "3_filter": 0.514822244644165,
            "4_drop": 0.0315861701965332,
            "5_compute_edge_combined_degree": 0.0426025390625,
            "6_convert": 0.0673978328704834,
            "7_convert": 0.049407958984375
        },
        "join_text_units_to_relationship_ids": {
            "overall": 0.21180415153503418,
            "0_select": 0.03414750099182129,
            "1_unroll": 0.04622006416320801,
            "2_aggregate_override": 0.06720137596130371,
            "3_select": 0.034037113189697266
        },
        "create_final_community_reports": {
            "overall": 1058.2725446224213,
            "0_prepare_community_reports_nodes": 0.5093023777008057,
            "1_prepare_community_reports_edges": 0.1856224536895752,
            "2_restore_community_hierarchy": 0.2404618263244629,
            "3_prepare_community_reports": 4.834187984466553,
            "4_create_community_reports": 1052.423675775528,
            "5_window": 0.04025983810424805
        },
        "create_final_text_units": {
            "overall": 0.29796934127807617,
            "0_select": 0.037430524826049805,
            "1_rename": 0.03914785385131836,
            "2_join": 0.050882816314697266,
            "3_join": 0.04454469680786133,
            "4_aggregate_override": 0.0467531681060791,
            "5_select": 0.0402679443359375
        },
        "create_base_documents": {
            "overall": 0.5380897521972656,
            "0_unroll": 0.045274972915649414,
            "1_select": 0.0460200309753418,
            "2_rename": 0.04434561729431152,
            "3_join": 0.05127406120300293,
            "4_aggregate_override": 0.04532957077026367,
            "5_join": 0.04999375343322754,
            "6_rename": 0.047257184982299805,
            "7_convert": 0.17284178733825684
        },
        "create_final_documents": {
            "overall": 0.07917523384094238,
            "0_rename": 0.04216146469116211
        }
    }
}